{"cameraMode":{"drawMode":0,"name":"Shaded","section":"Shading Mode"},"sceneLighting":true,"audioPlay":false,"sceneViewState":{"showFog":true,"showMaterialUpdate":false,"showSkybox":true,"showFlares":true,"showImageEffects":true,"showParticleSystems":true},"in2DMode":false,"pivot":{"x":0.2898935377597809,"y":0.038297414779663089,"z":0.3615018129348755},"rotation":{"x":0.28982970118522646,"y":-0.7101330161094666,"z":0.4494936168193817,"w":0.4578951895236969},"size":1.2049939632415772,"orthographic":false}